{
  "16": 0.4,
  "17": 0.48149954500702274,
  "18": 0.4845637357463687
}